Id,Fitness,Pbest,X,Y,V1,V2,XB,YB
9,7.23704,7.23704,2.03941,-0.800719,2.03941,-0.800719,2.03941,-0.800719
6,8.91515,8.91515,0.360696,-1.25636,0.360696,-1.25636,0.360696,-1.25636
3,11.5777,11.5777,1.6231,-1.09687,1.6231,-1.09687,1.6231,-1.09687
10,60.6356,60.6356,0.262334,2.52831,0.262334,2.52831,0.262334,2.52831
8,127.368,127.368,3.57181,-1.25946,3.57181,-1.25946,3.57181,-1.25946
4,178.376,178.376,4.38855,-1.21338,4.38855,-1.21338,4.38855,-1.21338
2,197.295,197.295,0.656729,2.52601,0.656729,2.52601,0.656729,2.52601
7,494.257,494.257,-3.36345,-1.59094,-3.36345,-1.59094,-3.36345,-1.59094
5,3242.99,3242.99,-2.77056,2.78433,-2.77056,2.78433,-2.77056,2.78433
1,6896.68,6896.68,-3.19205,2.99124,-3.19205,2.99124,-3.19205,2.99124
2,0.243095,0.243095,2.64627,0.511905,1.98954,-2.0141,2.64627,0.511905
10,0.62038,0.62038,2.41217,0.513204,2.14983,-2.01511,2.41217,0.513204
7,9.34278,9.34278,0.259986,-1.80616,3.62343,-0.215221,0.259986,-1.80616
5,10.067,10.067,0.611912,0.657356,3.38247,-2.12697,0.611912,0.657356
1,12.3512,12.3512,0.361722,0.773857,3.55377,-2.21738,0.361722,0.773857
9,163.724,7.23704,3.467,-1.36122,1.42759,-0.560503,2.03941,-0.800719
6,169.89,8.91515,2.47055,-1.61777,2.10985,-0.361414,0.360696,-1.25636
3,232.917,11.5777,3.21988,-1.52797,1.59679,-0.4311,1.6231,-1.09687
4,493.088,178.376,4.13861,-1.59357,0.472841,-0.380191,4.38855,-1.21338
8,600.568,127.368,4.37659,-1.61952,0.804785,-0.360058,3.57181,-1.25946
7,0.264543,0.264543,3.56337,0.678699,5.17664,2.48486,3.56337,0.678699
4,11.5285,11.5285,3.09498,0.966364,-1.04362,2.55994,3.09498,0.966364
8,12.055,12.055,2.13504,0.96112,-2.24155,2.58064,2.13504,0.96112
6,12.3884,8.91515,1.80748,0.961473,-0.663075,2.57924,0.360696,-1.25636
3,13.1456,11.5777,1.93625,0.979625,-1.28363,2.5076,1.6231,-1.09687
9,14.9522,7.23704,1.97872,1.01333,-1.48828,2.37455,2.03941,-0.800719
2,58.9931,0.243095,4.03895,-0.897965,1.39268,-1.40987,2.64627,0.511905
10,64.4483,0.62038,4.17606,-0.898848,1.7639,-1.41205,2.41217,0.513204
5,65.0909,10.067,3.7695,-0.996896,4.61859,-1.65425,0.611912,0.657356
1,74.6225,12.3512,3.62296,-1.07614,5.01532,-1.84999,0.361722,0.773857
9,0.517374,0.517374,2.75737,0.232584,0.778651,-0.780747,2.75737,0.232584
3,0.90656,0.90656,2.49151,0.031942,0.55526,-0.947683,2.49151,0.031942
6,1.30988,1.30988,1.68534,-0.0761061,-0.122138,-1.03758,1.68534,-0.0761061
10,131.822,0.62038,2.78128,1.51173,-1.39479,2.41058,2.41217,0.513204
2,142.129,0.243095,2.94674,1.51065,-1.0922,2.40862,2.64627,0.511905
5,256.351,10.067,3.28082,1.63098,-0.488684,2.62788,0.611912,0.657356
1,388.028,12.3512,3.45944,1.72736,-0.16352,2.8035,0.361722,0.773857
7,837.796,0.264543,1.81298,2.4181,3.62365,1.7394,3.56337,0.678699
8,1206.9,12.055,2.14629,2.44647,0.0112537,1.48535,2.13504,0.96112
4,1995.82,11.5285,2.88268,2.43126,-0.2123,1.4649,3.09498,0.966364
2,4.04606,0.243095,1.64022,0.608069,-1.30652,-0.902583,2.64627,0.511905
10,5.31043,0.62038,1.37008,0.609547,-1.4112,-0.902179,2.41217,0.513204
7,5.36294,0.264543,1.66889,-0.826735,5.51813,-3.24483,3.56337,0.678699
6,6.64545,1.30988,2.78596,-0.451447,1.10063,-0.375341,1.68534,-0.0761061
9,9.19722,0.517374,3.30243,-0.313938,0.545056,-0.546523,2.75737,0.232584
3,9.47016,0.90656,3.17435,-0.403317,0.682835,-0.435259,2.49151,0.031942
4,13.3047,11.5285,2.83032,-0.708595,-0.0523657,-3.13986,3.09498,0.966364
8,13.5322,12.055,2.81783,-0.719615,0.671538,-3.16608,2.13504,0.96112
1,16.3676,12.3512,-0.859197,0.906246,-4.31864,-0.821116,0.361722,0.773857
5,17.5271,10.067,-0.593352,0.773635,-3.87417,-0.857347,0.611912,0.657356
2,1.14874,0.243095,1.83877,-0.133072,0.198548,-0.741142,2.64627,0.511905
10,1.1543,0.62038,1.83412,-0.133196,0.464038,-0.742744,2.41217,0.513204
4,2.34598,2.34598,1.76975,0.494818,-1.06057,1.20341,1.76975,0.494818
7,2.59976,0.264543,1.40404,0.244772,5.92707,1.07151,3.56337,0.678699
8,4.82148,4.82148,1.22952,0.484534,-1.58831,1.20415,1.22952,0.484534
5,8.47225,8.47225,0.499542,-0.146949,1.09289,-0.920584,0.499542,-0.146949
1,11.3105,11.3105,0.234026,-0.158065,1.09322,-1.06431,0.234026,-0.158065
6,11.9837,1.30988,1.07097,0.917169,-1.71499,1.36862,1.68534,-0.0761061
3,12.2666,0.90656,1.19944,0.936758,-1.97491,1.34007,2.49151,0.031942
9,13.3103,0.517374,1.2418,0.973135,-2.06062,1.28707,2.75737,0.232584
10,1.47069,0.62038,2.80366,0.0819457,0.969535,0.215142,2.41217,0.513204
9,1.51588,0.517374,2.13673,-0.225577,0.894923,-1.19871,2.75737,0.232584
2,1.71606,0.243095,2.87119,0.0814329,1.03242,0.214505,2.64627,0.511905
3,2.03134,0.90656,1.95396,-0.370255,0.754519,-1.30701,2.49151,0.031942
6,2.76624,1.30988,1.39974,-0.448166,0.328768,-1.36534,1.68534,-0.0761061
4,6.85571,2.34598,1.10372,0.623331,-0.66603,0.128512,1.76975,0.494818
8,8.68056,4.82148,0.791791,0.625253,-0.437727,0.140719,1.22952,0.484534
5,14.7023,8.47225,2.74632,-0.775581,2.24678,-0.628631,0.499542,-0.146949
7,15.1993,0.264543,0.576885,1.05859,7.01907,0.813818,3.56337,0.678699
1,20.2838,11.3105,2.77481,-0.874667,2.54078,-0.716602,0.234026,-0.158065
2,1.1538,0.243095,3.2703,0.721593,0.399116,0.64016,2.64627,0.511905
10,1.5889,0.62038,3.04918,0.722862,0.245521,0.640916,2.41217,0.513204
5,1.72602,1.72602,1.89661,0.474058,-0.849707,1.24964,1.89661,0.474058
1,2.5997,2.5997,1.77409,0.526066,-1.00072,1.40073,1.77409,0.526066
8,4.69265,4.69265,3.19567,-0.0539446,2.40388,-0.679198,3.19567,-0.0539446
4,5.05119,2.34598,3.25526,-0.0483475,2.15154,-0.671678,1.76975,0.494818
6,12.7307,1.30988,3.4992,-0.378181,2.09946,0.0699857,1.68534,-0.0761061
9,17.9626,0.517374,4.18778,-0.194135,2.05105,0.031442,2.75737,0.232584
3,18.4484,0.90656,4.01701,-0.313761,2.06306,0.0564941,2.49151,0.031942
7,56.7108,0.264543,-2.25831,0.0859556,10.6814,-0.972635,3.56337,0.678699
8,4.43392,4.43392,4.03904,0.352361,1.76529,0.406305,4.03904,0.352361
2,9.50539,0.243095,2.85924,0.931301,-0.411066,0.209709,2.64627,0.511905
10,9.67295,0.62038,2.7609,0.931691,-0.288278,0.208829,2.41217,0.513204
4,12.105,2.34598,3.13438,0.974408,-0.120879,1.02276,1.76975,0.494818
7,15.2822,0.264543,-0.223087,0.801713,20.0352,0.715758,3.56337,0.678699
6,49.0194,1.30988,2.70867,1.26463,-0.790526,1.64281,1.68534,-0.0761061
3,60.8341,0.90656,2.94713,1.29597,-1.06988,1.60973,2.49151,0.031942
9,79.9849,0.517374,3.02577,1.35416,-1.16201,1.5483,2.75737,0.232584
5,203.428,1.72602,2.8217,1.63024,0.925088,1.15618,1.89661,0.474058
1,267.093,2.5997,2.72903,1.72888,0.954942,1.20282,1.77409,0.526066
8,0.0419736,0.0419736,3.72526,0.636774,1.23571,0.284414,3.72526,0.636774
4,0.132101,0.132101,2.54084,0.437836,-0.593542,-0.536573,2.54084,0.437836
7,0.27649,0.264543,4.29329,0.651994,22.9298,-0.149719,3.56337,0.678699
6,1.90554,1.30988,2.49501,-0.146949,-0.213656,-1.41158,1.68534,-0.0761061
9,2.92918,0.517374,3.03651,0.0238026,0.0107435,-1.33036,2.75737,0.232584
3,3.21486,0.90656,2.90222,-0.0871825,-0.0449073,-1.38315,2.49151,0.031942
10,7.93174,0.62038,3.58742,-0.0565926,0.826524,-0.988283,2.41217,0.513204
2,8.4528,0.243095,3.64122,-0.0569573,0.781979,-0.988259,2.64627,0.511905
5,15.4843,1.72602,3.79262,-0.327827,0.970914,-1.95807,1.89661,0.474058
1,16.3047,2.5997,3.79034,-0.361713,1.06131,-2.0906,1.77409,0.526066
5,0.191683,0.191683,2.29995,0.309925,-1.49267,0.637752,2.29995,0.309925
1,0.27979,0.27979,2.23042,0.319452,-1.55993,0.681165,2.23042,0.319452
2,0.803093,0.243095,3.18075,0.686762,-0.460467,0.74372,2.64627,0.511905
10,1.09237,0.62038,3.01816,0.687757,-0.569263,0.744349,2.41217,0.513204
8,2.076,0.0419736,4.40975,0.835864,0.864994,0.19909,3.72526,0.636774
4,2.23338,0.132101,3.43583,0.288417,0.894987,-0.149418,2.54084,0.437836
6,3.40882,1.30988,2.81078,-0.163462,0.315763,-0.0165123,1.68534,-0.0761061
9,5.93277,0.517374,3.49723,0.026839,0.460717,0.00303632,2.75737,0.232584
3,6.20985,0.90656,3.32699,-0.0968525,0.42477,-0.00967002,2.49151,0.031942
7,7.3802,0.264543,0.908062,0.560249,14.6148,-0.0917449,3.56337,0.678699
8,0.656167,0.0419736,1.92357,0.150909,-2.48618,-0.684955,3.72526,0.636774
4,1.44397,0.132101,1.81532,0.378158,-1.62051,0.0897411,2.54084,0.437836
3,3.30188,0.90656,1.56359,0.505295,-1.7634,0.602148,2.49151,0.031942
9,3.60924,0.517374,1.67644,0.584739,-1.82079,0.5579,2.75737,0.232584
6,4.69922,1.30988,1.2214,0.462514,-1.58937,0.625975,1.68534,-0.0761061
2,5.36704,0.243095,1.29252,0.58012,-1.88823,-0.106642,2.64627,0.511905
10,6.1156,0.62038,1.15454,0.58077,-1.86362,-0.106987,2.41217,0.513204
5,8.01966,0.191683,1.25508,0.756352,-1.04487,0.446427,2.29995,0.309925
1,8.71379,0.27979,1.2154,0.785436,-1.01502,0.465984,2.23042,0.319452
7,52.3691,0.264543,-2.38369,0.346095,14.7082,-0.214154,3.56337,0.678699
8,0.292643,0.0419736,2.17667,0.223843,0.2531,0.0729339,3.72526,0.636774
9,0.770393,0.517374,1.87129,0.0816472,0.19485,-0.503092,2.75737,0.232584
10,0.824871,0.62038,2.09234,-0.0596684,0.937799,-0.640439,2.41217,0.513204
2,0.852955,0.243095,2.16678,-0.0600754,0.874265,-0.640195,2.64627,0.511905
3,1.08252,0.90656,1.75417,-0.0142956,0.190581,-0.519591,2.49151,0.031942
5,1.56227,0.191683,2.41937,-0.127068,1.16429,-0.88342,2.29995,0.309925
1,1.61368,0.27979,2.41146,-0.139596,1.19606,-0.925032,2.23042,0.319452
4,1.74271,0.132101,1.60346,0.250457,-0.211855,-0.127702,2.54084,0.437836
6,2.2366,1.30988,1.39904,-0.065962,0.177635,-0.528476,1.68534,-0.0761061
7,3.81214,0.264543,1.2577,0.352425,21.6414,0.0063301,3.56337,0.678699
10,0.168667,0.168667,3.19596,0.465686,1.10362,0.525354,3.19596,0.465686
2,0.331635,0.243095,3.32022,0.464898,1.15343,0.524974,2.64627,0.511905
8,0.457731,0.0419736,4.06723,0.744377,1.89056,0.520534,3.72526,0.636774
4,0.701192,0.132101,3.1265,0.343847,1.52304,0.0933899,2.54084,0.437836
1,1.0191,0.27979,2.78861,0.148004,0.377153,0.2876,2.23042,0.319452
5,1.13357,0.191683,2.83371,0.150342,0.414341,0.27741,2.29995,0.309925
7,2.42377,0.264543,1.97449,0.581622,18.7168,0.229197,3.56337,0.678699
6,2.48438,1.30988,2.70054,-0.117936,1.3015,-0.0519735,1.68534,-0.0761061
9,4.23521,0.517374,3.32595,0.0627588,1.45466,-0.0188884,2.75737,0.232584
3,4.53039,0.90656,3.17085,-0.0546887,1.41668,-0.0403931,2.49151,0.031942
3,0.0304302,0.0304302,3.43868,0.607168,0.267827,0.661857,3.43868,0.607168
6,0.0604391,0.0604391,3.03649,0.556787,0.335959,0.674722,3.03649,0.556787
8,0.0699207,0.0419736,4.04826,0.669556,-0.0189674,-0.0748214,3.72526,0.636774
4,0.0949759,0.0949759,3.62149,0.654604,0.494985,0.310758,3.62149,0.654604
9,0.452569,0.452569,3.57131,0.700725,0.245358,0.637967,3.57131,0.700725
10,2.69144,0.168667,3.9685,0.833434,0.772535,0.367748,3.19596,0.465686
2,6.40345,0.243095,3.24447,0.88672,-0.0757481,0.421821,2.64627,0.511905
5,6.90734,0.191683,2.93398,0.884495,0.100274,0.734153,2.29995,0.309925
1,8.03829,0.27979,2.88572,0.905438,0.0971053,0.757434,2.23042,0.319452
7,13.0599,0.264543,0.185686,0.720619,16.2112,0.138997,3.56337,0.678699
8,0.00158083,0.00158083,3.00314,0.508979,-1.04512,-0.160577,3.00314,0.508979
2,0.0151832,0.0151832,2.74446,0.438016,-0.500013,-0.448703,2.74446,0.438016
1,0.0182627,0.0182627,2.84046,0.430291,-0.0452634,-0.475147,2.84046,0.430291
5,0.0241035,0.0241035,2.86106,0.429842,-0.0729207,-0.454653,2.86106,0.429842
10,0.219231,0.168667,3.06831,0.415496,-0.900183,-0.417938,3.19596,0.465686
4,2.52544,0.0949759,3.76571,0.818202,0.144221,0.163598,3.62149,0.654604
7,8.36973,0.264543,0.869856,0.641269,18.6842,-0.0793495,3.56337,0.678699
9,18.7349,0.452569,3.59631,1.04093,0.0250053,0.340207,3.57131,0.700725
3,22.686,0.0304302,3.62615,1.07047,0.187479,0.4633,3.43868,0.607168
6,25.3367,0.0604391,3.71665,1.08637,0.680153,0.529587,3.03649,0.556787
4,0.0852388,0.0852388,2.86337,0.395149,-0.902339,-0.423054,2.86337,0.395149
10,0.117654,0.117654,2.50731,0.286287,-0.561006,-0.129209,2.50731,0.286287
8,0.374555,0.00158083,2.27155,0.396575,-0.731587,-0.112404,3.00314,0.508979
6,0.477933,0.0604391,2.65078,0.198507,-1.06587,-0.887867,3.03649,0.556787
2,0.502132,0.0151832,2.68066,0.204604,-0.0637958,-0.233412,2.74446,0.438016
9,0.592187,0.452569,2.92985,0.287478,-0.666461,-0.753454,3.57131,0.700725
3,0.746984,0.0304302,2.86064,0.229649,-0.765513,-0.840819,3.43868,0.607168
5,1.2125,0.0241035,2.96722,0.201559,0.106152,-0.228283,2.86106,0.429842
1,1.38433,0.0182627,2.98877,0.187152,0.148313,-0.243139,2.84046,0.430291
7,4.43896,0.264543,1.28926,0.477873,18.4194,-0.163396,3.56337,0.678699
2,0.0494123,0.0151832,2.90874,0.523231,0.228082,0.318626,2.74446,0.438016
10,0.0821098,0.0821098,2.50856,0.31961,0.00125104,0.0333231,2.50856,0.31961
5,0.111842,0.0241035,2.80918,0.521407,-0.15804,0.319848,2.86106,0.429842
1,0.157456,0.0182627,2.78975,0.529871,-0.199022,0.342719,2.84046,0.430291
8,0.299694,0.00158083,3.22369,0.444068,0.952133,0.0474926,3.00314,0.508979
6,0.333035,0.0604391,2.56665,0.207916,-0.0841235,0.00940928,3.03649,0.556787
4,0.418862,0.0852388,2.23173,0.099011,-0.631638,-0.296138,2.86337,0.395149
9,0.588445,0.452569,3.09949,0.352315,0.169644,0.0648369,3.57131,0.700725
3,0.844826,0.0304302,2.96735,0.258459,0.106711,0.02881,3.43868,0.607168
7,10.328,0.264543,0.440605,0.497771,17.1513,0.0198973,3.56337,0.678699
10,0.187353,0.0821098,2.95221,0.574442,0.443648,0.254832,2.50856,0.31961
8,0.233431,0.00158083,3.2977,0.641117,0.0740141,0.19705,3.00314,0.508979
5,0.825087,0.0241035,2.86612,0.64327,0.0569454,0.121863,2.86106,0.429842
2,0.854916,0.0151832,2.88663,0.649385,-0.0221127,0.126154,2.74446,0.438016
1,0.939229,0.0182627,2.8382,0.649008,0.0484502,0.119136,2.84046,0.430291
4,1.03944,0.0852388,3.2375,0.710722,1.00577,0.611711,2.86337,0.395149
7,10.762,0.264543,0.632454,0.746352,18.1918,0.248581,3.56337,0.678699
6,11.5397,0.0604391,3.40611,0.969645,0.839454,0.761729,3.03649,0.556787
3,12.019,0.0304302,3.49869,0.976121,0.531334,0.717662,3.43868,0.607168
9,13.0763,0.452569,3.52922,0.988146,0.429723,0.635831,3.57131,0.700725
10,0.0218857,0.0218857,2.7719,0.463095,-0.180309,-0.111348,2.7719,0.463095
2,0.0241329,0.0151832,2.7864,0.412172,-0.100227,-0.237213,2.74446,0.438016
3,0.111909,0.0304302,3.19959,0.602318,-0.2991,-0.373803,3.43868,0.607168
6,0.12021,0.0604391,3.08257,0.584133,-0.323534,-0.385512,3.03649,0.556787
5,0.164823,0.0241035,2.99564,0.407665,0.129514,-0.235605,2.86106,0.429842
1,0.201066,0.0182627,3.00075,0.398957,0.162558,-0.250051,2.84046,0.430291
4,0.212997,0.0852388,3.21193,0.625187,-0.0255703,-0.0855349,2.86337,0.395149
9,0.255605,0.255605,3.23817,0.636087,-0.291043,-0.35206,3.23817,0.636087
8,0.460628,0.00158083,2.64134,0.553012,-0.656361,-0.0881057,3.00314,0.508979
7,6.7656,0.264543,1.17621,0.647989,18.5438,-0.0983623,3.56337,0.678699
10,0.0330858,0.0218857,2.64568,0.385151,-0.126216,-0.0779433,2.7719,0.463095
2,0.0890409,0.0151832,2.65379,0.333403,-0.132617,-0.0787694,2.74446,0.438016
1,0.10548,0.0182627,2.68398,0.332467,-0.31678,-0.0664896,2.84046,0.430291
5,0.111895,0.0241035,2.68986,0.330976,-0.30578,-0.0766883,2.86106,0.429842
8,0.117981,0.00158083,2.72664,0.339044,0.0853047,-0.213968,3.00314,0.508979
9,0.329679,0.255605,2.51855,0.192962,-0.719628,-0.443125,3.23817,0.636087
4,0.392079,0.0852388,2.32151,0.119481,-0.890425,-0.505706,2.86337,0.395149
6,0.418372,0.0604391,2.46138,0.145569,-0.621192,-0.438565,3.03649,0.556787
3,0.782875,0.0304302,2.78155,0.187881,-0.418039,-0.414438,3.43868,0.607168
7,8.92144,0.264543,0.563557,0.403836,17.3873,-0.244153,3.56337,0.678699
10,0.0211889,0.0211889,2.69698,0.419208,0.0512972,0.034057,2.69698,0.419208
4,0.0346264,0.0346264,2.65641,0.380958,0.334902,0.261477,2.65641,0.380958
2,0.0758532,0.0151832,2.65231,0.456039,-0.00147714,0.122637,2.74446,0.438016
8,0.0899813,0.00158083,3.0027,0.434895,0.276056,0.0958509,3.00314,0.508979
5,0.0939243,0.0241035,2.61637,0.451293,-0.07349,0.120317,2.86106,0.429842
1,0.126102,0.0182627,2.593,0.457043,-0.09098,0.124576,2.84046,0.430291
3,0.200505,0.0304302,3.06566,0.598767,0.284112,0.410887,3.43868,0.607168
6,0.300555,0.0604391,2.86678,0.578498,0.405401,0.43293,3.03649,0.556787
9,0.362551,0.255605,2.95169,0.605092,0.43314,0.41213,3.23817,0.636087
7,11.1096,0.264543,0.357475,0.52419,17.7939,0.120354,3.56337,0.678699
5,0.00175811,0.00175811,2.92486,0.474647,0.308491,0.0233538,2.92486,0.474647
1,0.00254138,0.00254138,2.91816,0.470814,0.325161,0.0137706,2.91816,0.470814
10,0.0201994,0.0201994,2.73289,0.443048,0.0359081,0.0238399,2.73289,0.443048
2,0.0273841,0.0151832,2.80265,0.479519,0.150346,0.0234793,2.74446,0.438016
8,0.255366,0.00158083,2.85817,0.568385,-0.144531,0.13349,3.00314,0.508979
4,0.399689,0.0346264,2.93573,0.60748,0.279317,0.226522,2.65641,0.380958
6,0.718181,0.0604391,3.15046,0.67576,0.283682,0.0972618,3.03649,0.556787
3,0.73164,0.0304302,3.26934,0.69179,0.203678,0.0930231,3.43868,0.607168
9,1.05531,0.255605,3.29005,0.717483,0.338362,0.112391,3.23817,0.636087
7,8.17868,0.264543,0.94878,0.664748,18.5913,0.140558,3.56337,0.678699
10,0.000356884,0.000356884,2.97042,0.495663,0.237534,0.0526145,2.97042,0.495663
8,0.00229552,0.00158083,2.99118,0.487712,0.133011,-0.0806733,3.00314,0.508979
5,0.0483404,0.00175811,3.1408,0.490995,0.215944,0.0163477,2.92486,0.474647
2,0.0546132,0.0151832,2.97871,0.44323,0.176058,-0.0362892,2.74446,0.438016
1,0.0702747,0.00254138,3.15318,0.484812,0.235026,0.0139977,2.91816,0.470814
4,0.137044,0.0346264,2.81018,0.357479,-0.12555,-0.250002,2.65641,0.380958
9,0.170446,0.170446,3.06545,0.427523,-0.224598,-0.289959,3.06545,0.427523
6,0.238975,0.0604391,2.97333,0.379923,-0.177138,-0.295837,3.03649,0.556787
3,0.456532,0.0304302,3.21813,0.413816,-0.0512059,-0.277974,3.43868,0.607168
7,6.58603,0.264543,1.04192,0.562866,18.0931,-0.101882,3.56337,0.678699
10,0.00258557,0.000356884,3.1367,0.532493,0.166274,0.0368301,2.97042,0.495663
3,0.00345875,0.00345875,3.15223,0.53212,-0.0658993,0.118304,3.15223,0.53212
2,0.00998085,0.00998085,2.83359,0.471513,-0.145118,0.0282838,2.83359,0.471513
5,0.0155388,0.00175811,2.86453,0.489159,-0.276275,-0.00183623,2.92486,0.474647
6,0.0169778,0.0169778,2.91601,0.505511,-0.0573177,0.125588,2.91601,0.505511
1,0.0206538,0.00254138,2.85545,0.491032,-0.29773,0.0062207,2.91816,0.470814
4,0.0664785,0.0346264,2.72946,0.36628,-0.0807194,0.00880161,2.65641,0.380958
8,0.0675169,0.00158083,3.07455,0.464459,0.0833728,-0.0232524,3.00314,0.508979
9,0.307008,0.170446,2.80309,0.302022,-0.26236,-0.125501,3.06545,0.427523
7,9.14233,0.264543,0.630651,0.546838,17.5887,-0.0160287,3.56337,0.678699
10,0.000710544,0.000356884,3.06912,0.5164,-0.0675777,-0.0160927,2.97042,0.495663
5,0.00329821,0.00175811,3.03902,0.520643,0.174495,0.0314843,2.92486,0.474647
1,0.00410928,0.00254138,3.02759,0.519538,0.172141,0.0285054,2.91816,0.470814
2,0.0543793,0.00998085,3.06737,0.560642,0.233776,0.0891289,2.83359,0.471513
8,0.0679124,0.00158083,3.12266,0.576149,0.0481045,0.111689,3.00314,0.508979
4,0.125991,0.0346264,3.04271,0.578104,0.313251,0.211824,2.65641,0.380958
9,0.129491,0.129491,3.27883,0.618892,0.475738,0.316869,3.27883,0.618892
3,0.272112,0.00345875,3.08891,0.615357,-0.0633184,0.0832366,3.15223,0.53212
6,0.295577,0.0169778,3.12006,0.624099,0.204052,0.118588,2.91601,0.505511
7,8.16776,0.264543,0.960342,0.669227,18.3297,0.12239,3.56337,0.678699
10,0.00168173,0.000356884,2.91261,0.481558,-0.156504,-0.0348422,2.97042,0.495663
8,0.00828226,0.00158083,2.96486,0.510031,-0.157801,-0.0661175,3.00314,0.508979
2,0.0106539,0.00998085,2.97429,0.471397,-0.0930783,-0.0892454,2.83359,0.471513
4,0.0223,0.0223,2.8638,0.432083,-0.178915,-0.146022,2.8638,0.432083
5,0.0235702,0.00175811,3.06815,0.485563,0.029134,-0.0350797,2.92486,0.474647
1,0.0335791,0.00254138,3.07295,0.480528,0.0453597,-0.03901,2.91816,0.470814
6,0.0429899,0.0169778,2.98077,0.449834,-0.139294,-0.174265,2.91601,0.505511
3,0.0749898,0.00345875,3.09275,0.466478,0.00383284,-0.148878,3.15223,0.53212
9,1.01492,0.129491,3.37982,0.724173,0.100988,0.105281,3.27883,0.618892
7,7.08536,0.264543,1.00438,0.591913,18.044,-0.0773148,3.56337,0.678699
10,0.00454604,0.000356884,2.86702,0.473205,-0.0455931,-0.00835315,2.97042,0.495663
5,0.0141797,0.00175811,2.75791,0.444043,-0.310248,-0.0415208,2.92486,0.474647
1,0.0143509,0.00254138,2.75603,0.443348,-0.316921,-0.03718,2.91816,0.470814
6,0.0151305,0.0151305,2.73621,0.427218,-0.24456,-0.0226164,2.73621,0.427218
8,0.0180406,0.00158083,2.83895,0.430179,-0.125906,-0.0798521,3.00314,0.508979
2,0.0241834,0.00998085,2.68522,0.42061,-0.289068,-0.0507868,2.83359,0.471513
3,0.0275469,0.00345875,2.96194,0.454039,-0.130803,-0.0124395,3.15223,0.53212
9,0.048208,0.048208,2.82185,0.402331,-0.557968,-0.321842,2.82185,0.402331
4,0.0619089,0.0223,2.79257,0.386118,-0.0712262,-0.0459646,2.8638,0.432083
7,9.31804,0.264543,0.57785,0.510996,17.5735,-0.0809162,3.56337,0.678699
10,0.0011311,0.000356884,2.94951,0.492891,0.08249,0.0196863,2.97042,0.495663
8,0.0112025,0.00158083,2.96354,0.512791,0.124586,0.0826116,3.00314,0.508979
5,0.0152512,0.00175811,2.84618,0.48293,0.0882706,0.0388871,2.92486,0.474647
1,0.0180005,0.00254138,2.83637,0.482495,0.0803351,0.0391472,2.91816,0.470814
4,0.0207493,0.0207493,2.90389,0.505215,0.111323,0.119097,2.90389,0.505215
2,0.041045,0.00998085,2.84818,0.502731,0.162957,0.0821208,2.83359,0.471513
6,0.0516262,0.0151305,2.70975,0.463671,-0.0264548,0.0364529,2.73621,0.427218
3,0.0950481,0.00345875,2.9759,0.555896,0.0139537,0.101857,3.15223,0.53212
9,0.156076,0.048208,2.48125,0.257621,-0.340598,-0.14471,2.82185,0.402331
7,8.9628,0.264543,0.715324,0.602057,18.1375,0.0910603,3.56337,0.678699
10,0.000279738,0.000279738,3.03039,0.509823,0.0808794,0.0169316,3.03039,0.509823
2,0.000516818,0.000516818,3.05823,0.513535,0.210044,0.0108046,3.05823,0.513535
3,0.0044025,0.00345875,3.15157,0.528531,0.175675,-0.0273647,3.15223,0.53212
6,0.00532241,0.00532241,2.98578,0.480965,0.276028,0.0172937,2.98578,0.480965
5,0.00670892,0.00175811,3.10935,0.512059,0.263173,0.0291298,2.92486,0.474647
1,0.00936517,0.00254138,3.10828,0.508437,0.271914,0.025942,2.91816,0.470814
8,0.0172285,0.00158083,3.07905,0.54366,0.11551,0.0308686,3.00314,0.508979
9,0.0986697,0.048208,3.13777,0.58834,0.656521,0.330719,2.82185,0.402331
4,0.120132,0.0207493,3.03229,0.574571,0.1284,0.0693561,2.90389,0.505215
7,7.29789,0.264543,1.03466,0.628822,18.3193,0.0267648,3.56337,0.678699
10,0.00112117,0.000279738,3.08701,0.521675,0.0566156,0.0118521,3.03039,0.509823
5,0.00391049,0.00175811,3.00208,0.487371,-0.10727,-0.024688,2.92486,0.474647
1,0.00515743,0.00254138,3.00208,0.485396,-0.106198,-0.0230405,2.91816,0.470814
9,0.00570807,0.00570807,3.12898,0.519091,-0.00878898,-0.0692497,3.12898,0.519091
8,0.00759864,0.00158083,3.02208,0.487367,-0.0569617,-0.056293,3.00314,0.508979
4,0.0123169,0.0123169,2.978,0.470651,-0.054289,-0.10392,2.978,0.470651
2,0.0193068,0.000516818,3.17446,0.516877,0.116234,0.00334193,3.05823,0.513535
6,0.0261741,0.00532241,3.22836,0.52588,0.242579,0.0449156,2.98578,0.480965
3,0.0460882,0.00345875,3.1412,0.492186,-0.0103747,-0.0363449,3.15223,0.53212
7,7.73203,0.264543,0.864145,0.56897,17.8295,-0.059852,3.56337,0.678699
8,0.000457377,0.000457377,3.03308,0.51154,0.010997,0.0241733,3.03308,0.51154
10,0.000638428,0.000279738,3.064,0.516496,-0.0230099,-0.00517874,3.03039,0.509823
6,0.00161349,0.00161349,2.97337,0.501473,-0.254985,-0.024407,2.97337,0.501473
5,0.00333793,0.00175811,2.93551,0.494624,-0.0665676,0.00725259,2.92486,0.474647
1,0.004003,0.00254138,2.92885,0.493935,-0.0732362,0.00853858,2.91816,0.470814
2,0.00456656,0.000516818,3.03046,0.520871,-0.144,0.00399416,3.05823,0.513535
3,0.0180477,0.00345875,3.08619,0.545674,-0.0550107,0.0534885,3.15223,0.53212
9,0.0484708,0.00570807,3.07639,0.473554,-0.0525963,-0.0455367,3.12898,0.519091
4,0.078908,0.0123169,3.0606,0.455918,0.0826007,-0.0147326,2.978,0.470651
7,8.4463,0.264543,0.790697,0.598058,17.9266,0.0290883,3.56337,0.678699
5,3.63113e-05,3.63113e-05,2.98508,0.496221,0.0495645,0.00159663,2.98508,0.496221
1,0.000118167,0.000118167,2.98108,0.49364,0.0522342,-0.000294583,2.98108,0.49364
10,0.000780515,0.000279738,2.9765,0.499649,-0.087494,-0.0168472,3.03039,0.509823
2,0.00459906,0.000516818,2.96328,0.504717,-0.0671772,-0.0161543,3.05823,0.513535
3,0.00554488,0.00345875,3.062,0.528897,-0.0241889,-0.0167778,3.15223,0.53212
8,0.00887803,0.000457377,3.04078,0.528461,0.00769789,0.0169213,3.03308,0.51154
9,0.0158524,0.00570807,3.04985,0.536639,-0.0265372,0.0630852,3.12898,0.519091
4,0.0167776,0.0123169,2.99658,0.525594,-0.0640228,0.0696763,2.978,0.470651
6,0.0245852,0.00161349,2.86095,0.495834,-0.112427,-0.00563952,2.97337,0.501473
7,7.96957,0.264543,0.888062,0.611738,18.0974,0.0136802,3.56337,0.678699
10,4.72119e-05,4.72119e-05,2.98437,0.495525,0.00786476,-0.00412347,2.98437,0.495525
9,0.000628035,0.000628035,3.04716,0.514894,-0.00268597,-0.0217454,3.04716,0.514894
4,0.00117318,0.00117318,2.91848,0.478504,-0.0780997,-0.0470908,2.91848,0.478504
5,0.00138594,3.63113e-05,3.01977,0.497338,0.0346952,0.00111764,2.98508,0.496221
1,0.00199515,0.000118167,3.02207,0.496368,0.0409856,0.00272747,2.98108,0.49364
8,0.00211204,0.000457377,2.97602,0.484412,-0.0647585,-0.0440493,3.03308,0.51154
6,0.00373361,0.00161349,3.04398,0.498738,0.183034,0.00290428,2.97337,0.501473
2,0.00742806,0.000516818,3.04542,0.493775,0.0821385,-0.0109422,3.05823,0.513535
3,0.0230671,0.00345875,3.0598,0.483666,-0.00219999,-0.0452304,3.15223,0.53212
7,7.88567,0.264543,0.83643,0.566108,17.9484,-0.0456298,3.56337,0.678699
8,0.000316851,0.000316851,3.00306,0.497056,0.0270369,0.0126439,3.00306,0.497056
5,0.00041493,3.63113e-05,2.9665,0.494789,-0.0532742,-0.00254973,2.98508,0.496221
2,0.000424473,0.000424473,3.04953,0.510572,0.00411365,0.016797,3.04953,0.510572
1,0.000468181,0.000118167,2.9637,0.494218,-0.058369,-0.00214976,2.98108,0.49364
10,0.00054505,4.72119e-05,2.98987,0.492639,0.00550533,-0.00288643,2.98437,0.495525
3,0.00098348,0.00098348,3.07707,0.520577,0.0172744,0.0369112,3.07707,0.520577
6,0.00116686,0.00116686,3.02803,0.500228,-0.0159554,0.00149028,3.02803,0.500228
9,0.00586016,0.000628035,2.9758,0.477651,-0.0713593,-0.0372425,3.04716,0.514894
4,0.00808796,0.00117318,2.93671,0.464893,0.0182273,-0.0136108,2.91848,0.478504
7,8.28979,0.264543,0.793968,0.581928,17.9575,0.0158196,3.56337,0.678699
5,1.83439e-05,1.83439e-05,2.99021,0.49721,0.0237144,0.00242102,2.99021,0.49721
6,2.15149e-05,2.15149e-05,2.98923,0.497665,-0.0387934,-0.00256365,2.98923,0.497665
10,6.20072e-05,4.72119e-05,3.00222,0.498922,0.012351,0.00628305,2.98437,0.495525
1,6.24794e-05,6.24794e-05,2.98562,0.495283,0.0219239,0.0010646,2.98562,0.495283
8,8.15539e-05,8.15539e-05,3.02198,0.505907,0.0189258,0.00885073,3.02198,0.505907
2,0.00105381,0.000424473,3.00099,0.506963,-0.0485432,-0.00360927,3.04953,0.510572
4,0.00106336,0.00106336,3.00271,0.507408,0.0660015,0.0425148,3.00271,0.507408
9,0.00154428,0.000628035,3.03496,0.515986,0.059156,0.038335,3.04716,0.514894
3,0.00767558,0.00098348,3.00727,0.519672,-0.0697984,-0.000904962,3.07707,0.520577
7,8.01387,0.264543,0.872566,0.60653,18.0786,0.0246021,3.56337,0.678699
8,0.000111472,8.15539e-05,3.00008,0.502214,-0.021904,-0.00369237,3.02198,0.505907
5,0.000186477,1.83439e-05,3.00681,0.498904,0.0166001,0.00169472,2.99021,0.49721
1,0.000254204,6.24794e-05,3.00605,0.498219,0.0204266,0.00293603,2.98562,0.495283
10,0.000291416,4.72119e-05,2.97782,0.497512,-0.0244,-0.00141033,2.98437,0.495525
2,0.000528604,0.000424473,3.00879,0.497451,0.00780357,-0.0095117,3.04953,0.510572
6,0.000699504,2.15149e-05,2.96316,0.495353,-0.0260701,-0.00231172,2.98923,0.497665
3,0.00218403,0.00098348,3.01676,0.494529,0.00949189,-0.0251435,3.07707,0.520577
9,0.00292452,0.000628035,3.04036,0.520231,0.0054016,0.00424461,3.04716,0.514894
4,0.00738174,0.00106336,3.03508,0.525573,0.0323731,0.0181659,3.00271,0.507408
7,7.94284,0.264543,0.847769,0.581512,17.9752,-0.0250177,3.56337,0.678699
6,4.10894e-05,2.15149e-05,3.0146,0.504164,0.0514424,0.00881104,2.98923,0.497665
10,5.7011e-05,4.72119e-05,2.99261,0.499613,0.0147847,0.00210109,2.98437,0.495525
8,7.33539e-05,7.33539e-05,3.00898,0.503828,0.00890227,0.00161338,3.00898,0.503828
1,0.0003236,6.24794e-05,2.99114,0.501478,-0.0149053,0.00325965,2.98562,0.495283
5,0.000334182,1.83439e-05,2.99262,0.501927,-0.0141965,0.00302256,2.99021,0.49721
2,0.000396159,0.000396159,3.04969,0.511126,0.040895,0.013675,3.04969,0.511126
4,0.000545702,0.000545702,2.9832,0.491078,-0.0518867,-0.0344958,2.9832,0.491078
9,0.000609788,0.000609788,3.0071,0.49665,-0.0332624,-0.0235807,3.0071,0.49665
3,0.000858555,0.000858555,3.07167,0.515282,0.0549079,0.020753,3.07167,0.515282
7,8.16618,0.264543,0.816383,0.584338,17.9686,0.00282582,3.56337,0.678699
1,3.19366e-06,3.19366e-06,3.00056,0.499769,0.00941558,-0.00170913,3.00056,0.499769
5,3.5099e-06,3.5099e-06,3.00435,0.501223,0.0117306,-0.000704175,3.00435,0.501223
8,7.19331e-05,7.19331e-05,3.02143,0.505339,0.0124521,0.00151178,3.02143,0.505339
6,0.000238823,2.15149e-05,3.02254,0.502942,0.00793718,-0.00122168,2.98923,0.497665
10,0.000244608,4.72119e-05,3.01818,0.501611,0.0255677,0.00199816,2.98437,0.495525
2,0.000481434,0.000396159,3.0395,0.512783,-0.0101931,0.0016569,3.04969,0.511126
3,0.00115478,0.000858555,3.04697,0.517168,-0.0247067,0.00188652,3.07167,0.515282
9,0.00197536,0.000609788,2.99212,0.488686,-0.01498,-0.00796369,3.0071,0.49665
4,0.00412312,0.000545702,2.98163,0.481809,-0.00157137,-0.00926874,2.9832,0.491078
7,8.01657,0.264543,0.865908,0.602446,18.0495,0.0181075,3.56337,0.678699
8,7.33741e-05,7.19331e-05,3.00705,0.500065,-0.0143809,-0.00527457,3.02143,0.505339
10,8.51771e-05,4.72119e-05,2.97917,0.493997,-0.0390022,-0.00761399,2.98437,0.495525
2,0.000189917,0.000189917,3.00056,0.497263,-0.0389395,-0.0155198,3.00056,0.497263
6,0.000195674,2.15149e-05,2.96692,0.492479,-0.0556207,-0.0104631,2.98923,0.497665
9,0.000206172,0.000206172,3.00754,0.504767,0.0154257,0.0160803,3.00754,0.504767
5,0.000218641,3.5099e-06,3.00837,0.499077,0.0040195,-0.00214546,3.00435,0.501223
1,0.000244539,3.19366e-06,3.00715,0.498573,0.00659091,-0.00119639,3.00056,0.499769
3,0.000544786,0.000544786,3.00566,0.496562,-0.0413056,-0.0206062,3.00566,0.496562
4,0.000704488,0.000545702,3.00321,0.506279,0.0215861,0.0244698,2.9832,0.491078
7,7.97895,0.264543,0.846937,0.585079,17.981,-0.0173662,3.56337,0.678699
1,4.96412e-06,3.19366e-06,3.00436,0.500792,-0.00278493,0.00221886,3.00056,0.499769
6,5.06895e-06,5.06895e-06,2.99708,0.499675,0.0301547,0.00719576,2.99708,0.499675
5,5.09886e-06,3.5099e-06,3.00528,0.501137,-0.00308684,0.00206009,3.00435,0.501223
10,2.22907e-05,2.22907e-05,2.98846,0.497304,0.00929059,0.00330677,2.98846,0.497304
4,2.52452e-05,2.52452e-05,3.00043,0.49906,-0.00278455,-0.00721901,3.00043,0.49906
8,4.16986e-05,4.16986e-05,3.0129,0.502369,0.00584476,0.00230473,3.0129,0.502369
2,0.000744663,0.000189917,2.98049,0.489584,-0.0200704,-0.00767864,3.00056,0.497263
9,0.000996158,0.000206172,3.0178,0.510677,0.0102541,0.00591026,3.00754,0.504767
3,0.00165287,0.000544786,2.97829,0.48612,-0.0273733,-0.0104422,3.00566,0.496562
7,8.07081,0.264543,0.829187,0.582706,17.9823,-0.00237299,3.56337,0.678699
8,1.14784e-05,1.14784e-05,3.00755,0.502189,-0.00535057,-0.000180422,3.00755,0.502189
10,3.04439e-05,2.22907e-05,3.01256,0.503584,0.0240952,0.00628054,2.98846,0.497304
1,6.16659e-05,3.19366e-06,2.9982,0.501182,-0.00616036,0.000390692,3.00056,0.499769
5,9.44896e-05,3.5099e-06,3.00107,0.502284,-0.00420571,0.00114612,3.00435,0.501223
6,0.000112105,5.06895e-06,3.02625,0.505982,0.0291729,0.00630686,2.99708,0.499675
2,0.000127363,0.000127363,3.01506,0.505682,0.0345755,0.0160972,3.01506,0.505682
9,0.000184887,0.000184887,2.99877,0.496855,-0.019032,-0.0138215,2.99877,0.496855
3,0.000247836,0.000247836,3.01826,0.507364,0.0399771,0.0212437,3.01826,0.507364
4,0.000514414,2.52452e-05,3.00283,0.495976,0.00240655,-0.00308413,3.00043,0.49906
7,8.07429,0.264543,0.848595,0.597051,18.0194,0.0143448,3.56337,0.678699
10,1.31311e-06,1.31311e-06,2.99722,0.499254,-0.0153384,-0.00433048,2.99722,0.499254
6,1.16656e-05,5.06895e-06,2.9937,0.498914,-0.0325476,-0.00706795,2.99708,0.499675
5,1.69021e-05,3.5099e-06,3.00891,0.501772,0.00783955,-0.000511245,3.00435,0.501223
1,1.86964e-05,3.19366e-06,3.00683,0.500994,0.00863043,-0.000188857,3.00056,0.499769
8,3.15099e-05,1.14784e-05,3.0038,0.502063,-0.0037454,-0.000126295,3.00755,0.502189
4,0.000170853,2.52452e-05,3.00707,0.504387,0.00423677,0.00841185,3.00043,0.49906
9,0.000703763,0.000184887,2.99516,0.493244,-0.00360746,-0.00361115,2.99877,0.496855
2,0.000856368,0.000127363,3.03095,0.512979,0.0158881,0.00729704,3.01506,0.505682
3,0.00172756,0.000247836,3.03439,0.516351,0.0161263,0.00898724,3.01826,0.507364
7,7.99251,0.264543,0.854588,0.592069,18.006,-0.00498271,3.56337,0.678699
8,8.61833e-06,8.61833e-06,2.99804,0.498924,-0.00575905,-0.00313851,2.99804,0.498924
4,1.50095e-05,1.50095e-05,2.99179,0.498382,-0.0152823,-0.00600584,2.99179,0.498382
10,3.34381e-05,1.31311e-06,2.98648,0.496222,-0.0107369,-0.00303134,2.99722,0.499254
5,3.41228e-05,3.5099e-06,2.99641,0.497926,-0.0125013,-0.00384622,3.00435,0.501223
1,4.46105e-05,3.19366e-06,2.9953,0.497491,-0.0115391,-0.00350233,3.00056,0.499769
6,8.31267e-05,5.06895e-06,2.97855,0.495218,-0.0151544,-0.00369587,2.99708,0.499675
9,8.58601e-05,8.58601e-05,2.99891,0.501655,0.00374748,0.00841013,2.99891,0.501655
2,0.000181251,0.000127363,2.98717,0.494186,-0.0437763,-0.0187931,3.01506,0.505682
3,0.000337081,0.000247836,2.98671,0.492985,-0.0476791,-0.0233656,3.01826,0.507364
7,8.07806,0.264543,0.826504,0.581549,17.9719,-0.0105191,3.56337,0.678699
2,3.13932e-06,3.13932e-06,2.99941,0.499488,0.0122381,0.00530265,2.99941,0.499488
1,3.7041e-06,3.19366e-06,2.99608,0.499259,0.000786032,0.00176755,3.00056,0.499769
10,3.94879e-06,1.31311e-06,3.00364,0.500619,0.0171527,0.00439639,2.99722,0.499254
3,5.09778e-06,5.09778e-06,3.00078,0.499729,0.0140731,0.00674366,3.00078,0.499729
5,7.51456e-06,3.5099e-06,2.99825,0.500117,0.00183266,0.00219058,3.00435,0.501223
6,2.31935e-05,5.06895e-06,3.01001,0.501912,0.0314643,0.00669399,2.99708,0.499675
8,7.83819e-05,8.61833e-06,2.99401,0.496727,-0.00403134,-0.00219696,2.99804,0.498924
4,0.00013452,1.50095e-05,2.98801,0.494794,-0.00377731,-0.00358723,2.99179,0.498382
9,0.000428856,8.58601e-05,3.00057,0.504437,0.00166752,0.00278284,2.99891,0.501655
7,8.08652,0.264543,0.837622,0.5907,18.0111,0.00915017,3.56337,0.678699
